-- phpMyAdmin SQL Dump
-- version 3.5.7
-- http://www.phpmyadmin.net
--
-- Хост: 127.0.0.1:3306
-- Время создания: Июл 13 2014 г., 15:14
-- Версия сервера: 5.5.29-MariaDB-log
-- Версия PHP: 5.4.12

SET SQL_MODE="NO_AUTO_VALUE_ON_ZERO";
SET time_zone = "+00:00";


/*!40101 SET @OLD_CHARACTER_SET_CLIENT=@@CHARACTER_SET_CLIENT */;
/*!40101 SET @OLD_CHARACTER_SET_RESULTS=@@CHARACTER_SET_RESULTS */;
/*!40101 SET @OLD_COLLATION_CONNECTION=@@COLLATION_CONNECTION */;
/*!40101 SET NAMES utf8 */;

--
-- База данных: `oclibrary`
--

-- --------------------------------------------------------

--
-- Структура таблицы `autors`
--

CREATE TABLE IF NOT EXISTS `autors` (
  `id` int(11) NOT NULL AUTO_INCREMENT,
  `idbook` int(11) NOT NULL,
  `firstname` varchar(100) DEFAULT NULL,
  `lastname` varchar(100) DEFAULT NULL,
  `middlename` varchar(100) DEFAULT NULL,
  PRIMARY KEY (`id`)
) ENGINE=InnoDB  DEFAULT CHARSET=utf8 AUTO_INCREMENT=101 ;

--
-- Дамп данных таблицы `autors`
--

INSERT INTO `autors` (`id`, `idbook`, `firstname`, `lastname`, `middlename`) VALUES
(1, 1, 'Михаил', 'Булгаков', NULL),
(2, 2, 'Лев', 'Толстой', NULL),
(3, 3, 'Федор', 'Достоевский', NULL),
(4, 4, 'Федор', 'Достоевский', NULL),
(5, 5, 'Лев', 'Толстой', NULL),
(6, 6, 'Федор', 'Достоевский', NULL),
(7, 7, 'Николай', 'Гоголь', NULL),
(8, 8, 'Александр', 'Пушкин', NULL),
(9, 9, 'Михаил', 'Булгаков', NULL),
(10, 10, 'Антон', 'Чехов', NULL),
(11, 11, 'Михаил', 'Лермонтов', NULL),
(12, 12, 'Илья Ильф', 'Евгений Петров', NULL),
(13, 13, 'Эрих Мария', 'Ремарк', NULL),
(14, 14, 'Иван', 'Тургенев', NULL),
(15, 15, 'Федор', 'Достоевский', NULL),
(16, 16, 'Александр', 'Грибоедов', NULL),
(17, 17, 'Николай', 'Гоголь', NULL),
(18, 18, 'Иван', 'Гончаров', NULL),
(19, 19, 'Антон', 'Чехов', NULL),
(20, 20, 'Эрнест', 'Хемингуэй', NULL),
(21, 21, 'Александр', 'Пушкин', NULL),
(22, 22, 'Эрих Мария', 'Ремарк', NULL),
(23, 23, 'Михаил', 'Булгаков', NULL),
(24, 24, 'Федор', 'Достоевский', NULL),
(25, 25, 'Оскар', 'Уайльд', NULL),
(26, 26, 'Лев', 'Толстой', NULL),
(27, 27, 'Александр', 'Пушкин', NULL),
(28, 28, 'Марк', 'Твен', NULL),
(29, 29, 'Эрих Мария', 'Ремарк', NULL),
(30, 30, 'Джек', 'Лондон', NULL),
(31, 31, 'Николай', 'Гоголь', NULL),
(32, 32, 'Лев', 'Толстой', NULL),
(33, 33, 'Николай', 'Гоголь', NULL),
(34, 34, 'Федор', 'Достоевский', NULL),
(35, 35, 'Александр', 'Пушкин', NULL),
(36, 36, 'Иван', 'Тургенев', NULL),
(37, 37, 'Федор', 'Достоевский', NULL),
(38, 38, 'Федор', 'Достоевский', NULL),
(39, 39, 'Борис', 'Пастернак', NULL),
(40, 40, 'Антон', 'Чехов', NULL),
(41, 41, 'Лев', 'Толстой', NULL),
(42, 42, 'Лев', 'Толстой', NULL),
(43, 43, 'Федор', 'Достоевский', NULL),
(44, 44, 'Иван', 'Тургенев', NULL),
(45, 45, 'Иван', 'Тургенев', NULL),
(46, 46, 'Марк', 'Твен', NULL),
(47, 47, 'Николай', 'Гоголь', NULL),
(48, 48, 'Федор', 'Достоевский', NULL),
(49, 49, 'Александр', 'Пушкин', NULL),
(50, 50, 'Александр', 'Пушкин', NULL),
(51, 51, 'Антон', 'Чехов', NULL),
(52, 52, 'Антон', 'Чехов', NULL),
(53, 53, 'Александр', 'Куприн', NULL),
(54, 54, 'Эрих Мария', 'Ремарк', NULL),
(55, 55, 'Эрнест', 'Хемингуэй', NULL),
(56, 56, 'Лев', 'Толстой', NULL),
(57, 57, 'Иван', 'Бунин', NULL),
(58, 58, 'Антон', 'Чехов', NULL),
(59, 59, 'Михаил', 'Лермонтов', NULL),
(60, 60, 'Иван', 'Тургенев', NULL),
(61, 61, 'Фрэнсис Скотт', 'Фицджеральд', NULL),
(62, 62, 'Александр', 'Пушкин', NULL),
(63, 63, 'Александр', 'Пушкин', NULL),
(64, 64, 'Александр', 'Пушкин', NULL),
(65, 65, 'Лев', 'Толстой', NULL),
(66, 66, 'Марсель', 'Пруст', NULL),
(67, 67, 'Николай', 'Лесков', NULL),
(68, 68, 'Александр', 'Пушкин', NULL),
(69, 69, 'Федор', 'Достоевский', NULL),
(70, 70, 'Эрнест', 'Хемингуэй', NULL),
(71, 71, 'Лев', 'Толстой', NULL),
(72, 72, 'Николай', 'Кун', NULL),
(73, 73, 'Эдгар', 'По', NULL),
(74, 74, 'Иван', 'Тургенев', NULL),
(75, 75, 'Николай', 'Некрасов', NULL),
(76, 76, 'Лев', 'Толстой', NULL),
(77, 77, 'Александр', 'Куприн', NULL),
(78, 78, 'Максим', 'Горький', NULL),
(79, 79, 'Лев', 'Толстой', NULL),
(80, 80, 'Федор', 'Достоевский', NULL),
(81, 81, 'Александр', 'Пушкин', NULL),
(82, 82, 'Антон', 'Чехов', NULL),
(83, 83, 'Уильям', 'Теккерей', NULL),
(84, 84, 'Антон', 'Чехов', NULL),
(85, 85, 'Сергей', 'Аксаков', NULL),
(86, 86, 'Ирвин', 'Шоу', NULL),
(87, 87, 'Гюстав', 'Флобер', NULL),
(88, 88, 'Эрнест', 'Хемингуэй', NULL),
(89, 89, 'Эрнест', 'Хемингуэй', NULL),
(90, 90, 'Джованни', 'Боккаччо', NULL),
(91, 91, 'Герман', 'Гессе', NULL),
(92, 92, 'Антон', 'Чехов', NULL),
(93, 93, 'Иван', 'Бунин', NULL),
(94, 94, 'Иван', 'Гончаров', NULL),
(95, 95, 'Уильям', 'Шекспир', NULL),
(96, 96, 'Ги', 'де Мопассан', NULL),
(97, 97, 'Чарльз', 'Диккенс', NULL),
(98, 98, 'Александр', 'Пушкин', NULL),
(99, 99, 'Джейн', 'Остин', NULL),
(100, 100, 'Лев', 'Толстой', NULL);

-- --------------------------------------------------------

--
-- Структура таблицы `book`
--

CREATE TABLE IF NOT EXISTS `book` (
  `id` int(11) NOT NULL AUTO_INCREMENT,
  `title` varchar(250) DEFAULT NULL,
  `lang` varchar(50) DEFAULT NULL,
  `annotation` text,
  `filename` varchar(250) NOT NULL,
  `date` varchar(50) DEFAULT NULL,
  `full_path` varchar(250) NOT NULL,
  `file_size` int(11) NOT NULL,
  `created` datetime NOT NULL,
  `seq` int(11) DEFAULT NULL,
  `srclang` varchar(50) DEFAULT NULL,
  `keywords` varchar(250) DEFAULT NULL,
  `zip` int(11) NOT NULL,
  `filedate` datetime DEFAULT NULL,
  `seqnum` varchar(50) DEFAULT NULL,
  PRIMARY KEY (`id`)
) ENGINE=InnoDB  DEFAULT CHARSET=utf8 AUTO_INCREMENT=101 ;

--
-- Дамп данных таблицы `book`
--

INSERT INTO `book` (`id`, `title`, `lang`, `annotation`, `filename`, `date`, `full_path`, `file_size`, `created`, `seq`, `srclang`, `keywords`, `zip`, `filedate`, `seqnum`) VALUES
(1, 'Мастер и Маргарита', NULL, NULL, '', '1929-1940', '', 0, '0000-00-00 00:00:00', NULL, NULL, NULL, 0, NULL, NULL),
(2, 'Война и мир', NULL, NULL, '', '1865-1868', '', 0, '0000-00-00 00:00:00', NULL, NULL, NULL, 0, NULL, NULL),
(3, 'Преступление и наказание', NULL, NULL, '', '1866', '', 0, '0000-00-00 00:00:00', NULL, NULL, NULL, 0, NULL, NULL),
(4, 'Братья Карамазовы', NULL, NULL, '', '1879-1880', '', 0, '0000-00-00 00:00:00', NULL, NULL, NULL, 0, NULL, NULL),
(5, 'Анна Каренина', NULL, NULL, '', '1873-1877', '', 0, '0000-00-00 00:00:00', NULL, NULL, NULL, 0, NULL, NULL),
(6, 'Идиот', NULL, NULL, '', '1868-1869', '', 0, '0000-00-00 00:00:00', NULL, NULL, NULL, 0, NULL, NULL),
(7, 'Мёртвые души', NULL, NULL, '', '1842', '', 0, '0934-07-28 00:00:00', NULL, NULL, NULL, 0, NULL, NULL),
(8, 'Евгений Онегин', NULL, NULL, '', '1825-1837', '', 0, '0000-00-00 00:00:00', NULL, NULL, NULL, 0, NULL, NULL),
(9, 'Собачье сердце', NULL, NULL, '', '1925', '', 0, '0000-00-00 00:00:00', NULL, NULL, NULL, 0, NULL, NULL),
(10, 'Рассказы', NULL, NULL, '', '1883-1885', '', 0, '0000-00-00 00:00:00', NULL, NULL, NULL, 0, NULL, NULL),
(11, 'Герой нашего времени', NULL, NULL, '', '1839-1840', '', 0, '0000-00-00 00:00:00', NULL, NULL, NULL, 0, NULL, NULL),
(12, 'Двенадцать стульев', NULL, NULL, '', '1928', '', 0, '0000-00-00 00:00:00', NULL, NULL, NULL, 0, NULL, NULL),
(13, 'Три товарища', NULL, NULL, '', '1936', '', 0, '0000-00-00 00:00:00', NULL, NULL, NULL, 0, NULL, NULL),
(14, 'Отцы и дети', NULL, NULL, '', '1860-1861', '', 0, '0000-00-00 00:00:00', NULL, NULL, NULL, 0, NULL, NULL),
(15, 'Бесы', NULL, NULL, '', '1870-1872', '', 0, '0000-00-00 00:00:00', NULL, NULL, NULL, 0, NULL, NULL),
(16, 'Горе от ума', NULL, NULL, '', '1828', '', 0, '0000-00-00 00:00:00', NULL, NULL, NULL, 0, NULL, NULL),
(17, 'Вечера на хуторе близ Диканьки', NULL, NULL, '', '1831-1832', '', 0, '0000-00-00 00:00:00', NULL, NULL, NULL, 0, NULL, NULL),
(18, 'Обломов', NULL, NULL, '', '1848-1858', '', 0, '0000-00-00 00:00:00', NULL, NULL, NULL, 0, NULL, NULL),
(19, 'Палата № 6', NULL, NULL, '', '1892', '', 0, '0000-00-00 00:00:00', NULL, NULL, NULL, 0, NULL, NULL),
(20, 'Старик и море', NULL, NULL, '', '1952', '', 0, '0000-00-00 00:00:00', NULL, NULL, NULL, 0, NULL, NULL),
(21, 'Капитанская дочка', NULL, NULL, '', '1836', '', 0, '0000-00-00 00:00:00', NULL, NULL, NULL, 0, NULL, NULL),
(22, 'Триумфальная арка', NULL, NULL, '', '1945', '', 0, '0000-00-00 00:00:00', NULL, NULL, NULL, 0, NULL, NULL),
(23, 'Белая гвардия', NULL, NULL, '', '1924', '', 0, '0000-00-00 00:00:00', NULL, NULL, NULL, 0, NULL, NULL),
(24, 'Игрок', NULL, NULL, '', '1866', '', 0, '0000-00-00 00:00:00', NULL, NULL, NULL, 0, NULL, NULL),
(25, 'Портрет Дориана Грея', NULL, NULL, '', '1891', '', 0, '0000-00-00 00:00:00', NULL, NULL, NULL, 0, NULL, NULL),
(26, 'Воскресение', NULL, NULL, '', '1899', '', 0, '0000-00-00 00:00:00', NULL, NULL, NULL, 0, NULL, NULL),
(27, 'Повести Белкина', NULL, NULL, '', '1831', '', 0, '0000-00-00 00:00:00', NULL, NULL, NULL, 0, NULL, NULL),
(28, 'Приключения Тома Сойера', NULL, NULL, '', '1876', '', 0, '0000-00-00 00:00:00', NULL, NULL, NULL, 0, NULL, NULL),
(29, 'На западном фронте без перемен', NULL, NULL, '', '1928-29', '', 0, '0000-00-00 00:00:00', NULL, NULL, NULL, 0, NULL, NULL),
(30, 'Белый Клык', NULL, NULL, '', '1906', '', 0, '0000-00-00 00:00:00', NULL, NULL, NULL, 0, NULL, NULL),
(31, 'Шинель', NULL, NULL, '', '1842', '', 0, '0000-00-00 00:00:00', NULL, NULL, NULL, 0, NULL, NULL),
(32, 'Хаджи-Мурат', NULL, NULL, '', '1896-1904', '', 0, '0000-00-00 00:00:00', NULL, NULL, NULL, 0, NULL, NULL),
(33, 'Петербургские повести', NULL, NULL, '', '1832-1842', '', 0, '0000-00-00 00:00:00', NULL, NULL, NULL, 0, NULL, NULL),
(34, 'Бедные люди', NULL, NULL, '', '1845', '', 0, '0000-00-00 00:00:00', NULL, NULL, NULL, 0, NULL, NULL),
(35, 'Дубровский', NULL, NULL, '', '1833, 1842', '', 0, '0000-00-00 00:00:00', NULL, NULL, NULL, 0, NULL, NULL),
(36, 'Записки охотника', NULL, NULL, '', '1852', '', 0, '0758-09-04 00:00:00', NULL, NULL, NULL, 0, NULL, NULL),
(37, 'Подросток', NULL, NULL, '', '1875', '', 0, '0000-00-00 00:00:00', NULL, NULL, NULL, 0, NULL, NULL),
(38, 'Записки из подполья', NULL, NULL, '', '1864', '', 0, '0000-00-00 00:00:00', NULL, NULL, NULL, 0, NULL, NULL),
(39, 'Доктор Живаго', NULL, NULL, '', '1945-1955', '', 0, '0000-00-00 00:00:00', NULL, NULL, NULL, 0, NULL, NULL),
(40, 'Вишневый сад', NULL, NULL, '', '1903', '', 0, '0000-00-00 00:00:00', NULL, NULL, NULL, 0, NULL, NULL),
(41, 'Севастопольские рассказы', NULL, NULL, '', '1855', '', 0, '0000-00-00 00:00:00', NULL, NULL, NULL, 0, NULL, NULL),
(42, 'Казаки', NULL, NULL, '', '1863', '', 0, '0000-00-00 00:00:00', NULL, NULL, NULL, 0, NULL, NULL),
(43, 'Село Степанчиково и его обитатели', NULL, NULL, '', '1859', '', 0, '0000-00-00 00:00:00', NULL, NULL, NULL, 0, NULL, NULL),
(44, 'Дворянское гнездо', NULL, NULL, '', '1859', '', 0, '0000-00-00 00:00:00', NULL, NULL, NULL, 0, NULL, NULL),
(45, 'Рудин', NULL, NULL, '', '1855', '', 0, '0000-00-00 00:00:00', NULL, NULL, NULL, 0, NULL, NULL),
(46, 'Приключения Гекльберри Финна', NULL, NULL, '', '1884', '', 0, '0000-00-00 00:00:00', NULL, NULL, NULL, 0, NULL, NULL),
(47, 'Нос', NULL, NULL, '', '1832-1833', '', 0, '0000-00-00 00:00:00', NULL, NULL, NULL, 0, NULL, NULL),
(48, 'Записки из Мёртвого дома', NULL, NULL, '', '1860-1861', '', 0, '0000-00-00 00:00:00', NULL, NULL, NULL, 0, NULL, NULL),
(49, 'Медный всадник', NULL, NULL, '', '1833', '', 0, '0000-00-00 00:00:00', NULL, NULL, NULL, 0, NULL, NULL),
(50, 'Руслан и Людмила', NULL, NULL, '', '1820', '', 0, '0000-00-00 00:00:00', NULL, NULL, NULL, 0, NULL, NULL),
(51, 'Три сестры', NULL, NULL, '', '1900', '', 0, '0000-00-00 00:00:00', NULL, NULL, NULL, 0, NULL, NULL),
(52, 'Драма на охоте', NULL, NULL, '', '1884-1885', '', 0, '0000-00-00 00:00:00', NULL, NULL, NULL, 0, NULL, NULL),
(53, 'Гранатовый браслет', NULL, NULL, '', '1910', '', 0, '0000-00-00 00:00:00', NULL, NULL, NULL, 0, NULL, NULL),
(54, 'Черный обелиск', NULL, NULL, '', '1956', '', 0, '0000-00-00 00:00:00', NULL, NULL, NULL, 0, NULL, NULL),
(55, 'Прощай, оружие!', NULL, NULL, '', '1929', '', 0, '0000-00-00 00:00:00', NULL, NULL, NULL, 0, NULL, NULL),
(56, 'Отец Сергий', NULL, NULL, '', '1911', '', 0, '0000-00-00 00:00:00', NULL, NULL, NULL, 0, NULL, NULL),
(57, 'Тёмные аллеи', NULL, NULL, '', '1938', '', 0, '0000-00-00 00:00:00', NULL, NULL, NULL, 0, NULL, NULL),
(58, 'Дама с собачкой', NULL, NULL, '', '1899', '', 0, '0000-00-00 00:00:00', NULL, NULL, NULL, 0, NULL, NULL),
(59, 'Мцыри', NULL, NULL, '', '1840', '', 0, '0000-00-00 00:00:00', NULL, NULL, NULL, 0, NULL, NULL),
(60, 'Ася', NULL, NULL, '', '1858', '', 0, '0000-00-00 00:00:00', NULL, NULL, NULL, 0, NULL, NULL),
(61, 'Ночь нежна', NULL, NULL, '', '1934', '', 0, '0944-01-10 00:00:00', NULL, NULL, NULL, 0, NULL, NULL),
(62, 'Пиковая дама', NULL, NULL, '', '1834', '', 0, '0000-00-00 00:00:00', NULL, NULL, NULL, 0, NULL, NULL),
(63, 'Сказка о царе Салтане', NULL, NULL, '', '1831', '', 0, '0000-00-00 00:00:00', NULL, NULL, NULL, 0, NULL, NULL),
(64, 'Маленькие трагедии', NULL, NULL, '', '1830', '', 0, '0000-00-00 00:00:00', NULL, NULL, NULL, 0, NULL, NULL),
(65, 'Фальшивый купон', NULL, NULL, '', 'Конец 1880-х-1904', '', 0, '0000-00-00 00:00:00', NULL, NULL, NULL, 0, NULL, NULL),
(66, 'В поисках утраченного времени', NULL, NULL, '', '1913-1922', '', 0, '0000-00-00 00:00:00', NULL, NULL, NULL, 0, NULL, NULL),
(67, 'Леди Макбет Мценского уезда', NULL, NULL, '', '1864', '', 0, '0000-00-00 00:00:00', NULL, NULL, NULL, 0, NULL, NULL),
(68, 'Сказка о попе и о работнике его Балде', NULL, NULL, '', '1830', '', 0, '0000-00-00 00:00:00', NULL, NULL, NULL, 0, NULL, NULL),
(69, 'Неточка Незванова', NULL, NULL, '', '1849', '', 0, '0000-00-00 00:00:00', NULL, NULL, NULL, 0, NULL, NULL),
(70, 'Иметь и не иметь', NULL, NULL, '', '1937', '', 0, '0000-00-00 00:00:00', NULL, NULL, NULL, 0, NULL, NULL),
(71, 'Крейцерова соната', NULL, NULL, '', '1889', '', 0, '0000-00-00 00:00:00', NULL, NULL, NULL, 0, NULL, NULL),
(72, 'Легенды и мифы Древней Греции', NULL, NULL, '', '1922', '', 0, '0000-00-00 00:00:00', NULL, NULL, NULL, 0, NULL, NULL),
(73, 'Рассказы', NULL, NULL, '', '1833-1849', '', 0, '0000-00-00 00:00:00', NULL, NULL, NULL, 0, NULL, NULL),
(74, 'Муму', NULL, NULL, '', '1852', '', 0, '0000-00-00 00:00:00', NULL, NULL, NULL, 0, NULL, NULL),
(75, 'Кому на Руси жить хорошо', NULL, NULL, '', '1865-1876', '', 0, '0000-00-00 00:00:00', NULL, NULL, NULL, 0, NULL, NULL),
(76, 'Записки маркёра', NULL, NULL, '', '1853 - 1855', '', 0, '0000-00-00 00:00:00', NULL, NULL, NULL, 0, NULL, NULL),
(77, 'Олеся', NULL, NULL, '', '1898', '', 0, '0000-00-00 00:00:00', NULL, NULL, NULL, 0, NULL, NULL),
(78, 'Старуха Изергиль', NULL, NULL, '', '1825', '', 0, '0000-00-00 00:00:00', NULL, NULL, NULL, 0, NULL, NULL),
(79, 'Смерть Ивана Ильича', NULL, NULL, '', '1886', '', 0, '0000-00-00 00:00:00', NULL, NULL, NULL, 0, NULL, NULL),
(80, 'Дядюшкин сон', NULL, NULL, '', '1859', '', 0, '0000-00-00 00:00:00', NULL, NULL, NULL, 0, NULL, NULL),
(81, 'Барышня-крестьянка', NULL, NULL, '', '1831', '', 0, '0000-00-00 00:00:00', NULL, NULL, NULL, 0, NULL, NULL),
(82, 'Дуэль', NULL, NULL, '', '1891', '', 0, '0000-00-00 00:00:00', NULL, NULL, NULL, 0, NULL, NULL),
(83, 'Ярмарка тщеславия', NULL, NULL, '', '1848', '', 0, '0000-00-00 00:00:00', NULL, NULL, NULL, 0, NULL, NULL),
(84, 'Архиерей', NULL, NULL, '', '1902', '', 0, '0000-00-00 00:00:00', NULL, NULL, NULL, 0, NULL, NULL),
(85, 'Аленький цветочек', NULL, NULL, '', '1858', '', 0, '0000-00-00 00:00:00', NULL, NULL, NULL, 0, NULL, NULL),
(86, 'Богач, бедняк', NULL, NULL, '', '1969', '', 0, '0000-00-00 00:00:00', NULL, NULL, NULL, 0, NULL, NULL),
(87, 'Госпожа Бовари', NULL, NULL, '', '1856', '', 0, '0000-00-00 00:00:00', NULL, NULL, NULL, 0, NULL, NULL),
(88, 'Снега Килиманджаро', NULL, NULL, '', '1936', '', 0, '0000-00-00 00:00:00', NULL, NULL, NULL, 0, NULL, NULL),
(89, 'Острова в океане', NULL, NULL, '', '1950-51, 1970', '', 0, '0000-00-00 00:00:00', NULL, NULL, NULL, 0, NULL, NULL),
(90, 'Декамерон', NULL, NULL, '', '1352-1354', '', 0, '0000-00-00 00:00:00', NULL, NULL, NULL, 0, NULL, NULL),
(91, 'Демиан', NULL, NULL, '', '1919', '', 0, '0000-00-00 00:00:00', NULL, NULL, NULL, 0, NULL, NULL),
(92, 'Чёрный монах', NULL, NULL, '', '1894', '', 0, '0000-00-00 00:00:00', NULL, NULL, NULL, 0, NULL, NULL),
(93, 'Лёгкое дыхание', NULL, NULL, '', '1916', '', 0, '0000-00-00 00:00:00', NULL, NULL, NULL, 0, NULL, NULL),
(94, 'Обрыв', NULL, NULL, '', '1869', '', 0, '0000-00-00 00:00:00', NULL, NULL, NULL, 0, NULL, NULL),
(95, 'Укрощение строптивой', NULL, NULL, '', '1593(?), 1594(?)', '', 0, '0000-00-00 00:00:00', NULL, NULL, NULL, 0, NULL, NULL),
(96, 'Милый друг', NULL, NULL, '', '1885', '', 0, '0000-00-00 00:00:00', NULL, NULL, NULL, 0, NULL, NULL),
(97, 'Дэвид Копперфильд (Жизнь Дэвида Копперфильда, рассказанная им самим)', NULL, NULL, '', '1849-1850', '', 0, '0000-00-00 00:00:00', NULL, NULL, NULL, 0, NULL, NULL),
(98, 'Сказка о золотом петушке', NULL, NULL, '', '1834', '', 0, '0000-00-00 00:00:00', NULL, NULL, NULL, 0, NULL, NULL),
(99, 'Эмма', NULL, NULL, '', '1816', '', 0, '0000-00-00 00:00:00', NULL, NULL, NULL, 0, NULL, NULL),
(100, 'Басни и рассказы для детей', NULL, NULL, '', '?', '', 0, '0000-00-00 00:00:00', NULL, NULL, NULL, 0, NULL, NULL);

-- --------------------------------------------------------

--
-- Структура таблицы `genre`
--

CREATE TABLE IF NOT EXISTS `genre` (
  `id` int(11) NOT NULL AUTO_INCREMENT,
  `idg` int(11) NOT NULL,
  `name` varchar(50) NOT NULL,
  `title` varchar(100) NOT NULL,
  PRIMARY KEY (`id`)
) ENGINE=InnoDB  DEFAULT CHARSET=utf8 AUTO_INCREMENT=231 ;

--
-- Дамп данных таблицы `genre`
--

INSERT INTO `genre` (`id`, `idg`, `name`, `title`) VALUES
(1, 0, 'classic', 'Классика'),
(2, 1, 'economics_ref', 'Деловая литература'),
(3, 1, 'popular_business', 'Карьера, кадры'),
(4, 1, 'org_behavior', 'Маркетинг, PR'),
(5, 1, 'banking', 'Финансы'),
(6, 1, 'economics', 'Экономика'),
(7, 2, 'det_action', 'Боевик'),
(8, 2, 'detective', 'Детективы'),
(9, 2, 'det_irony', 'Иронический детектив, дамский детективный роман'),
(10, 2, 'det_history', 'Исторический детектив'),
(11, 2, 'det_classic', 'Классический детектив'),
(12, 2, 'det_crime', 'Криминальный детектив'),
(13, 2, 'det_hard', 'Крутой детектив'),
(14, 2, 'det_political', 'Политический детектив'),
(15, 2, 'det_police', 'Полицейский детектив'),
(16, 2, 'det_maniac', 'Про маньяков'),
(17, 2, 'det_su', 'Советский детектив'),
(18, 2, 'thriller', 'Триллер'),
(19, 2, 'det_espionage', 'Шпионский детектив'),
(20, 3, 'nonf_biography', 'Биографии и Мемуары'),
(21, 3, 'nonf_military', 'Военная документалистика и аналитика'),
(22, 3, 'military_special', 'Военное дело'),
(23, 3, 'travel_notes', 'География, путевые заметки'),
(24, 3, 'nonfiction', 'Документальная литература'),
(25, 3, 'nonf_publicism', 'Публицистика'),
(26, 4, 'auto_regulations', 'Автомобили и ПДД'),
(27, 4, 'home_sport', 'Боевые искусства, спорт'),
(28, 4, 'home_pets', 'Домашние животные'),
(29, 4, 'home', 'Домоводство'),
(30, 4, 'home_health', 'Здоровье'),
(31, 4, 'home_collecting', 'Коллекционирование'),
(32, 4, 'home_cooking', 'Кулинария'),
(33, 4, 'sci_pedagogy', 'Педагогика, воспитание детей, литература для родителей'),
(34, 4, 'home_entertain', 'Развлечения'),
(35, 4, 'home_garden', 'Сад и огород'),
(36, 4, 'home_diy', 'Сделай сам'),
(37, 4, 'family', 'Семейные отношения'),
(38, 4, 'home_sex', 'Семейные отношения, секс'),
(39, 4, 'home_crafts', 'Хобби и ремесла'),
(40, 5, 'drama_antique', 'Античная драма'),
(41, 5, 'drama', 'Драма'),
(42, 5, 'dramaturgy', 'Драматургия'),
(43, 5, 'comedy', 'Комедия'),
(44, 5, 'vaudeville', 'Мистерия, буффонада, водевиль'),
(45, 5, 'screenplays', 'Сценарий'),
(46, 5, 'tragedy', 'Трагедия'),
(47, 6, 'painting', 'Живопись, альбомы, иллюстрированные каталоги'),
(48, 6, 'design', 'Искусство и Дизайн'),
(49, 6, 'art_criticism', 'Искусствоведение'),
(50, 6, 'cine', 'Кино'),
(51, 6, 'nonf_criticism', 'Критика'),
(52, 6, 'sci_culture', 'Культурология'),
(53, 6, 'art_world_culture', 'Мировая художественная культура'),
(54, 6, 'music', 'Музыка'),
(55, 6, 'notes', 'Партитуры'),
(56, 6, 'architecture_book', 'Скульптура и архитектура'),
(57, 6, 'theatre', 'Театр'),
(58, 7, 'computers', 'Зарубежная компьютерная, околокомпьютерная литература'),
(59, 7, 'comp_hard', 'Компьютерное железо, цифровая обработка сигналов'),
(60, 7, 'comp_www', 'ОС и Сети, интернет'),
(61, 7, 'comp_db', 'Программирование, программы, базы данных'),
(62, 7, 'tbg_computers', 'Учебные пособия, самоучители'),
(63, 8, 'children', 'Детская литература'),
(64, 8, 'child_education', 'Детская образовательная литература'),
(65, 8, 'child_det', 'Детская остросюжетная литература'),
(66, 8, 'foreign_children', 'Зарубежная литература для детей'),
(67, 8, 'prose_game', 'Игры, упражнения для детей'),
(68, 8, 'child_classical', 'Классическая детская литература'),
(69, 8, 'child_prose', 'Проза для детей'),
(70, 8, 'child_tale_rus', 'Русские сказки'),
(71, 8, 'child_tale', 'Сказки народов мира'),
(72, 8, 'child_verse', 'Стихи для детей'),
(73, 8, 'child_sf', 'Фантастика для детей'),
(74, 9, 'love_history', 'Исторические любовные романы'),
(75, 9, 'love_short', 'Короткие любовные романы'),
(76, 9, 'love_sf', 'Любовное фэнтези, любовно-фантастические романы'),
(77, 9, 'love', 'Любовные романы'),
(78, 9, 'love_detective', 'Остросюжетные любовные романы'),
(79, 9, 'love_hard', 'Порно'),
(80, 9, 'love_contemporary', 'Современные любовные романы'),
(81, 9, 'love_erotica', 'Эротическая литература'),
(82, 10, 'sci_medicine_alternative', 'Альтернативная медицина'),
(83, 10, 'sci_theories', 'Альтернативные науки и научные теории'),
(84, 10, 'sci_cosmos', 'Астрономия и Космос'),
(85, 10, 'sci_biology', 'Биология, биофизика, биохимия'),
(86, 10, 'sci_botany', 'Ботаника'),
(87, 10, 'sci_veterinary', 'Ветеринария'),
(88, 10, 'military_history', 'Военная история'),
(89, 10, 'sci_oriental', 'Востоковедение'),
(90, 10, 'sci_geo', 'Геология и география'),
(91, 10, 'sci_state', 'Государство и право'),
(92, 10, 'sci_popular', 'Зарубежная образовательная литература, зарубежная прикладная, научно-популярная литература'),
(93, 10, 'sci_zoo', 'Зоология'),
(94, 10, 'sci_history', 'История'),
(95, 10, 'sci_philology', 'Литературоведение'),
(96, 10, 'sci_math', 'Математика'),
(97, 10, 'sci_medicine', 'Медицина'),
(98, 10, 'science', 'Научная литература'),
(99, 10, 'sci_social_studies', 'Обществознание, социология'),
(100, 10, 'sci_politics', 'Политика'),
(101, 10, 'sci_psychology', 'Психология и психотерапия'),
(102, 10, 'sci_phys', 'Физика'),
(103, 10, 'sci_philosophy', 'Философия'),
(104, 10, 'sci_chem', 'Химия'),
(105, 10, 'sci_ecology', 'Экология'),
(106, 10, 'sci_economy', 'Экономика'),
(107, 10, 'sci_juris', 'Юриспруденция'),
(108, 10, 'sci_linguistic', 'Языкознание, иностранные языки'),
(109, 11, 'palindromes', 'Визуальная и экспериментальная поэзия, верлибры, палиндромы'),
(110, 11, 'poetry_for_classical', 'Классическая зарубежная поэзия'),
(111, 11, 'poetry_classical', 'Классическая поэзия'),
(112, 11, 'poetry_rus_classical', 'Классическая русская поэзия'),
(113, 11, 'lyrics', 'Лирика'),
(114, 11, 'song_poetry', 'Песенная поэзия'),
(115, 11, 'poetry', 'Поэзия'),
(116, 11, 'poetry_east', 'Поэзия Востока'),
(117, 11, 'poem', 'Поэма, эпическая поэзия'),
(118, 11, 'poetry_for_modern', 'Современная зарубежная поэзия'),
(119, 11, 'poetry_modern', 'Современная поэзия'),
(120, 11, 'poetry_rus_modern', 'Современная русская поэзия'),
(121, 11, 'humor_verse', 'Юмористические стихи, басни'),
(122, 12, 'adv_story', 'Авантюрный роман'),
(123, 12, 'adv_indian', 'Вестерн, про индейцев'),
(124, 12, 'adv_history', 'Исторические приключения'),
(125, 12, 'adv_maritime', 'Морские приключения'),
(126, 12, 'adventure', 'Приключения'),
(127, 12, 'adv_modern', 'Приключения в современном мире'),
(128, 12, 'child_adv', 'Приключения для детей и подростков'),
(129, 12, 'adv_animal', 'Природа и животные'),
(130, 12, 'adv_geo', 'Путешествия и география'),
(131, 12, 'tale_chivalry', 'Рыцарский роман'),
(132, 13, 'aphorisms', 'Афоризмы, цитаты'),
(133, 13, 'gothic_novel', 'Готический роман'),
(134, 13, 'foreign_prose', 'Зарубежная классическая проза'),
(135, 13, 'prose_history', 'Историческая проза'),
(136, 13, 'prose_classic', 'Классическая проза'),
(137, 13, 'literature_18', 'Классическая проза XVII-XVIII веков'),
(138, 13, 'literature_19', 'Классическая проза ХIX века'),
(139, 13, 'literature_20', 'Классическая проза ХX века'),
(140, 13, 'prose_counter', 'Контркультура'),
(141, 13, 'prose_magic', 'Магический реализм'),
(142, 13, 'story', 'Малые литературные формы прозы: рассказы, эссе, новеллы, феерия'),
(143, 13, 'prose', 'Проза'),
(144, 13, 'prose_military', 'Проза о войне'),
(145, 13, 'great_story', 'Роман, повесть'),
(146, 13, 'prose_rus_classic', 'Русская классическая проза'),
(147, 13, 'prose_su_classics', 'Советская классическая проза'),
(148, 13, 'prose_contemporary', 'Современная русская и зарубежная проза'),
(149, 13, 'foreign_antique', 'Средневековая классическая проза'),
(150, 13, 'prose_abs', 'Фантасмагория, абсурдистская проза'),
(151, 13, 'prose_neformatny', 'Экспериментальная, неформатная проза'),
(152, 13, 'epistolary_fiction', 'Эпистолярная проза'),
(153, 14, 'periodic', 'Журналы, газеты'),
(154, 14, 'comics', 'Комиксы'),
(155, 14, 'unfinished', 'Незавершенное'),
(156, 14, 'other', 'Неотсортированное'),
(157, 14, 'network_literature', 'Самиздат, сетевая литература'),
(158, 14, 'fanfiction', 'Фанфик'),
(159, 15, 'astrology', 'Астрология и хиромантия'),
(160, 15, 'religion_budda', 'Буддизм'),
(161, 15, 'religion_hinduism', 'Индуизм'),
(162, 15, 'religion_islam', 'Ислам'),
(163, 15, 'religion_judaism', 'Иудаизм'),
(164, 15, 'religion_catholicism', 'Католицизм'),
(165, 15, 'religion_orthodoxy', 'Православие'),
(166, 15, 'religion_protestantism', 'Протестантизм'),
(167, 15, 'sci_religion', 'Религиоведение'),
(168, 15, 'religion', 'Религия, религиозная литература'),
(169, 15, 'religion_self', 'Самосовершенствование'),
(170, 15, 'religion_christianity', 'Христианство'),
(171, 15, 'religion_esoterics', 'Эзотерика, эзотерическая литература'),
(172, 15, 'religion_paganism', 'Язычество'),
(173, 16, 'geo_guides', 'Путеводители, карты, атласы'),
(174, 16, 'ref_guide', 'Руководства'),
(175, 16, 'ref_dict', 'Словари'),
(176, 16, 'reference', 'Справочная литература'),
(177, 16, 'ref_ref', 'Справочники'),
(178, 16, 'ref_encyc', 'Энциклопедии'),
(179, 17, 'antique', 'antique'),
(180, 17, 'antique_ant', 'Античная литература'),
(181, 17, 'antique_east', 'Древневосточная литература'),
(182, 17, 'antique_russian', 'Древнерусская литература'),
(183, 17, 'antique_european', 'Европейская старинная литература'),
(184, 18, 'auto_business', 'Автодело'),
(185, 18, 'military_weapon', 'Военное дело, военная техника и вооружение'),
(186, 18, 'equ_history', 'История техники'),
(187, 18, 'sci_metal', 'Металлургия'),
(188, 18, 'sci_radio', 'Радиоэлектроника'),
(189, 18, 'sci_build', 'Строительство и сопромат'),
(190, 18, 'sci_tech', 'Технические науки'),
(191, 18, 'sci_transport', 'Транспорт и авиация'),
(192, 19, 'sci_textbook', 'Учебники и пособия'),
(193, 19, 'tbg_higher', 'Учебники и пособия ВУЗов'),
(194, 19, 'tbg_secondary', 'Учебники и пособия для среднего и специального образования'),
(195, 19, 'tbg_school', 'Школьные учебники и пособия, рефераты, шпаргалки'),
(196, 20, 'sf_history', 'Альтернативная история, попаданцы'),
(197, 20, 'sf_action', 'Боевая фантастика'),
(198, 20, 'sf_heroic', 'Героическая фантастика'),
(199, 20, 'sf_fantasy_city', 'Городское фэнтези'),
(200, 20, 'sf_detective', 'Детективная фантастика'),
(201, 20, 'sf_cyberpunk', 'Киберпанк'),
(202, 20, 'sf_space', 'Космическая фантастика'),
(203, 20, 'sf_litrpg', 'ЛитРПГ'),
(204, 20, 'sf_mystic', 'Мистика'),
(205, 20, 'fairy_fantasy', 'Мифологическое фэнтези'),
(206, 20, 'sf', 'Научная Фантастика'),
(207, 20, 'sf_postapocalyptic', 'Постапокалипсис'),
(208, 20, 'russian_fantasy', 'Славянское фэнтези'),
(209, 20, 'modern_tale', 'Современная сказка'),
(210, 20, 'sf_social', 'Социально-психологическая фантастика'),
(211, 20, 'sf_stimpank', 'Стимпанк'),
(212, 20, 'sf_technofantasy', 'Технофэнтези'),
(213, 20, 'sf_horror', 'Ужасы'),
(214, 20, 'sf_etc', 'Фантастика'),
(215, 20, 'sf_fantasy', 'Фэнтези'),
(216, 20, 'hronoopera', 'Хроноопера'),
(217, 20, 'sf_epic', 'Эпическая фантастика'),
(218, 20, 'sf_humor', 'Юмористическая фантастика'),
(219, 21, 'epic', 'Былины, эпопея'),
(220, 21, 'child_folklore', 'Детский фольклор'),
(221, 21, 'antique_myths', 'Мифы. Легенды. Эпос'),
(222, 21, 'folk_songs', 'Народные песни'),
(223, 21, 'folk_tale', 'Народные сказки'),
(224, 21, 'proverbs', 'Пословицы, поговорки'),
(225, 21, 'folklore', 'Фольклор, загадки folklore'),
(226, 21, 'limerick', 'Частушки, прибаутки, потешки'),
(227, 22, 'humor_anecdote', 'Анекдоты'),
(228, 22, 'humor_satire', 'Сатира'),
(229, 22, 'humor', 'Юмор'),
(230, 22, 'humor_prose', 'Юмористическая проза');

-- --------------------------------------------------------

--
-- Структура таблицы `genregroup`
--

CREATE TABLE IF NOT EXISTS `genregroup` (
  `id` int(11) NOT NULL AUTO_INCREMENT,
  `name` varchar(50) DEFAULT NULL,
  PRIMARY KEY (`id`)
) ENGINE=InnoDB  DEFAULT CHARSET=utf8 AUTO_INCREMENT=23 ;

--
-- Дамп данных таблицы `genregroup`
--

INSERT INTO `genregroup` (`id`, `name`) VALUES
(1, 'Деловая литература'),
(2, 'Детективы и Триллеры'),
(3, 'Документальная литература'),
(4, 'Дом и семья'),
(5, 'Драматургия'),
(6, 'Искусство, Искусствоведение, Дизайн'),
(7, 'Компьютеры и Интернет'),
(8, 'Литература для детей'),
(9, 'Любовные романы'),
(10, 'Наука, Образование'),
(11, 'Поэзия'),
(12, 'Приключения'),
(13, 'Проза'),
(14, 'Прочее'),
(15, 'Религия, духовность, эзотерика'),
(16, 'Справочная литература'),
(17, 'Старинное'),
(18, 'Техника'),
(19, 'Учебники и пособия'),
(20, 'Фантастика'),
(21, 'Фольклор'),
(22, 'Юмор');

-- --------------------------------------------------------

--
-- Структура таблицы `genreitems`
--

CREATE TABLE IF NOT EXISTS `genreitems` (
  `id` int(11) NOT NULL AUTO_INCREMENT,
  `idgenre` int(11) NOT NULL,
  `idbook` int(11) NOT NULL,
  PRIMARY KEY (`id`)
) ENGINE=InnoDB  DEFAULT CHARSET=utf8 AUTO_INCREMENT=230 ;

--
-- Дамп данных таблицы `genreitems`
--

INSERT INTO `genreitems` (`id`, `idgenre`, `idbook`) VALUES
(1, 2, 6),
(2, 3, 80),
(3, 4, 18),
(4, 5, 60),
(5, 6, 20),
(6, 7, 20),
(7, 8, 29),
(8, 9, 77),
(9, 10, 87),
(10, 11, 88),
(11, 12, 72),
(12, 13, 9),
(13, 14, 92),
(14, 15, 67),
(15, 16, 19),
(16, 17, 38),
(17, 18, 51),
(18, 19, 65),
(19, 20, 31),
(20, 21, 82),
(21, 22, 73),
(22, 23, 13),
(23, 24, 9),
(24, 25, 42),
(25, 26, 46),
(26, 27, 7),
(27, 28, 48),
(28, 29, 100),
(29, 30, 28),
(30, 31, 44),
(31, 32, 10),
(32, 33, 92),
(33, 34, 74),
(34, 35, 71),
(35, 36, 77),
(36, 37, 62),
(37, 38, 11),
(38, 39, 56),
(39, 40, 2),
(40, 41, 62),
(41, 42, 69),
(42, 43, 99),
(43, 44, 82),
(44, 45, 17),
(45, 46, 84),
(46, 47, 4),
(47, 48, 77),
(48, 49, 36),
(49, 50, 98),
(50, 51, 71),
(51, 52, 68),
(52, 53, 97),
(53, 54, 10),
(54, 55, 12),
(55, 56, 42),
(56, 57, 77),
(57, 58, 51),
(58, 59, 80),
(59, 60, 44),
(60, 61, 83),
(61, 62, 89),
(62, 63, 64),
(63, 64, 47),
(64, 65, 7),
(65, 66, 4),
(66, 67, 82),
(67, 68, 84),
(68, 69, 83),
(69, 70, 79),
(70, 71, 8),
(71, 72, 100),
(72, 73, 45),
(73, 74, 3),
(74, 75, 25),
(75, 76, 77),
(76, 77, 10),
(77, 78, 100),
(78, 79, 80),
(79, 80, 24),
(80, 81, 22),
(81, 82, 3),
(82, 83, 44),
(83, 84, 90),
(84, 85, 52),
(85, 86, 77),
(86, 87, 53),
(87, 88, 82),
(88, 89, 73),
(89, 90, 68),
(90, 91, 60),
(91, 92, 40),
(92, 93, 30),
(93, 94, 50),
(94, 95, 66),
(95, 96, 93),
(96, 97, 21),
(97, 98, 16),
(98, 99, 68),
(99, 100, 50),
(100, 101, 65),
(101, 102, 60),
(102, 103, 24),
(103, 104, 90),
(104, 105, 49),
(105, 106, 32),
(106, 107, 85),
(107, 108, 60),
(108, 109, 99),
(109, 110, 81),
(110, 111, 50),
(111, 112, 28),
(112, 113, 96),
(113, 114, 46),
(114, 115, 57),
(115, 116, 94),
(116, 117, 65),
(117, 118, 55),
(118, 119, 32),
(119, 120, 69),
(120, 121, 37),
(121, 122, 43),
(122, 123, 17),
(123, 124, 91),
(124, 125, 81),
(125, 126, 25),
(126, 127, 70),
(127, 128, 58),
(128, 129, 13),
(129, 130, 42),
(130, 131, 93),
(131, 132, 60),
(132, 133, 92),
(133, 134, 28),
(134, 135, 33),
(135, 136, 19),
(136, 137, 94),
(137, 138, 73),
(138, 139, 82),
(139, 140, 55),
(140, 141, 35),
(141, 142, 50),
(142, 143, 6),
(143, 144, 67),
(144, 145, 91),
(145, 146, 47),
(146, 147, 24),
(147, 148, 1),
(148, 149, 62),
(149, 150, 64),
(150, 151, 86),
(151, 152, 32),
(152, 153, 70),
(153, 154, 8),
(154, 155, 1),
(155, 156, 72),
(156, 157, 2),
(157, 158, 82),
(158, 159, 72),
(159, 160, 87),
(160, 161, 42),
(161, 162, 70),
(162, 163, 57),
(163, 164, 20),
(164, 165, 76),
(165, 166, 9),
(166, 167, 55),
(167, 168, 38),
(168, 169, 79),
(169, 170, 13),
(170, 171, 68),
(171, 172, 44),
(172, 173, 39),
(173, 174, 88),
(174, 175, 99),
(175, 176, 35),
(176, 177, 30),
(177, 178, 95),
(178, 179, 1),
(179, 180, 15),
(180, 181, 77),
(181, 182, 85),
(182, 183, 71),
(183, 184, 58),
(184, 185, 15),
(185, 186, 50),
(186, 187, 95),
(187, 188, 28),
(188, 189, 11),
(189, 190, 25),
(190, 191, 3),
(191, 192, 8),
(192, 193, 26),
(193, 194, 34),
(194, 195, 78),
(195, 196, 2),
(196, 197, 22),
(197, 198, 68),
(198, 199, 13),
(199, 200, 75),
(200, 201, 73),
(201, 202, 65),
(202, 203, 63),
(203, 204, 80),
(204, 205, 52),
(205, 206, 78),
(206, 207, 3),
(207, 208, 37),
(208, 209, 96),
(209, 210, 59),
(210, 211, 42),
(211, 212, 78),
(212, 213, 55),
(213, 214, 72),
(214, 215, 55),
(215, 216, 27),
(216, 217, 62),
(217, 218, 67),
(218, 219, 79),
(219, 220, 95),
(220, 221, 74),
(221, 222, 50),
(222, 223, 71),
(223, 224, 99),
(224, 225, 9),
(225, 226, 54),
(226, 227, 37),
(227, 228, 14),
(228, 229, 85),
(229, 230, 62);

-- --------------------------------------------------------

--
-- Структура таблицы `sequence`
--

CREATE TABLE IF NOT EXISTS `sequence` (
  `id` int(11) NOT NULL AUTO_INCREMENT,
  `name` varchar(250) DEFAULT NULL,
  PRIMARY KEY (`id`)
) ENGINE=InnoDB DEFAULT CHARSET=utf8 AUTO_INCREMENT=1 ;

/*!40101 SET CHARACTER_SET_CLIENT=@OLD_CHARACTER_SET_CLIENT */;
/*!40101 SET CHARACTER_SET_RESULTS=@OLD_CHARACTER_SET_RESULTS */;
/*!40101 SET COLLATION_CONNECTION=@OLD_COLLATION_CONNECTION */;

UPDATE book SET annotation = 'Lorem ipsum dolor sit amet, consectetur adipiscing elit. Mauris ut tellus nec lectus cursus scelerisque quis non tellus. Sed sapien justo, ultrices eu luctus et, mattis vitae velit. Vivamus a ligula ac felis dapibus ullamcorper. Curabitur iaculis mauris risus, sit amet suscipit enim luctus sagittis. Aliquam malesuada porta dapibus. Duis mollis, arcu dapibus placerat fringilla, odio urna porta turpis, eget tempor ipsum leo convallis orci. Vestibulum vel dui aliquet, tristique elit non, bibendum diam. Phasellus risus mauris, commodo id convallis vel, molestie in leo. Etiam ut magna dignissim, faucibus odio in, elementum risus. Cum sociis natoque penatibus et magnis dis parturient montes, nascetur ridiculus mus.';